{
    "gameObjects": [
        {
            "active": true,
            "children": [],
            "components": [
                {
                    "active": true,
                    "position": [
                        0.0,
                        0.0,
                        0.0
                    ],
                    "rotation": [
                        0.0,
                        0.0,
                        0.0
                    ],
                    "scale": [
                        71.13600158691406,
                        71.13600158691406,
                        71.13600158691406
                    ],
                    "type": 0
                },
                {
                    "active": true,
                    "primitiveType": "Plane",
                    "type": 1
                },
                {
                    "active": true,
                    "ambientColor": [
                        0.20000000298023224,
                        0.20000000298023224,
                        0.20000000298023224,
                        1.0
                    ],
                    "diffuseColor": [
                        1.0,
                        1.0,
                        1.0,
                        1.0
                    ],
                    "emissiveColor": [
                        0.0,
                        0.0,
                        0.0,
                        0.0
                    ],
                    "hasMaterialProperties": true,
                    "lightingMode": 1,
                    "materialType": 0,
                    "metallic": 0.0,
                    "opacity": 1.0,
                    "originalTextureUID": 15605759606043628666,
                    "roughness": 0.5,
                    "shininess": 32.0,
                    "specularColor": [
                        1.0,
                        1.0,
                        1.0,
                        1.0
                    ],
                    "textureUID": 15605759606043628666,
                    "type": 3,
                    "useCheckerboard": false
                },
                {
                    "Center": [
                        0.0,
                        0.0,
                        0.0
                    ],
                    "DynamicFriction": 0.5,
                    "Restitution": 0.6000000238418579,
                    "SizeX": 1.0,
                    "SizeY": 1.0,
                    "StaticFriction": 0.5,
                    "Trigger": false,
                    "active": true,
                    "type": 13
                }
            ],
            "name": "Plane",
            "uid": 14990970954832535959
        }
    ],
    "version": 1
}